game,bookmaker,market_type,team,side,line,odds,timestamp,line_status,extraction_time
Clippers vs Magic,Pinnacle,Spread,Magic,home,-4.5,-111,2025-11-19T23:57:05.056697Z,opener,2025-11-20T17:32:55.098269
Clippers vs Magic,Pinnacle,Spread,Magic,home,-4.5,-111,2025-11-19T23:58:59.231009Z,normal,2025-11-20T17:32:55.098297
Clippers vs Magic,Pinnacle,Spread,Magic,home,-5.0,-111,2025-11-20T00:05:00.656643Z,normal,2025-11-20T17:32:55.098305
Clippers vs Magic,Pinnacle,Spread,Magic,home,-4.5,-111,2025-11-20T00:07:07.940128Z,normal,2025-11-20T17:32:55.098326
Clippers vs Magic,Pinnacle,Spread,Magic,home,-5.0,-110,2025-11-20T00:13:26.8121Z,normal,2025-11-20T17:32:55.098335
Clippers vs Magic,Pinnacle,Spread,Magic,home,-5.0,-113,2025-11-20T00:23:11.687651Z,normal,2025-11-20T17:32:55.098341
Clippers vs Magic,Pinnacle,Spread,Magic,home,-5.5,-107,2025-11-20T00:43:11.927619Z,normal,2025-11-20T17:32:55.098347
Clippers vs Magic,Pinnacle,Spread,Magic,home,-5.5,-109,2025-11-20T00:53:08.579311Z,normal,2025-11-20T17:32:55.098353
Clippers vs Magic,Pinnacle,Spread,Magic,home,-5.5,-107,2025-11-20T01:03:02.014924Z,normal,2025-11-20T17:32:55.098359
Clippers vs Magic,Pinnacle,Spread,Magic,home,-5.5,-107,2025-11-20T01:37:03.953973Z,normal,2025-11-20T17:32:55.098375
Clippers vs Magic,Pinnacle,Spread,Magic,home,-5.5,-106,2025-11-20T02:15:04.425771Z,normal,2025-11-20T17:32:55.098382
Clippers vs Magic,Pinnacle,Spread,Magic,home,-5.5,-108,2025-11-20T02:22:40.416788Z,normal,2025-11-20T17:32:55.098388
Clippers vs Magic,Pinnacle,Spread,Magic,home,-5.5,-105,2025-11-20T02:28:26.347842Z,normal,2025-11-20T17:32:55.098394
Clippers vs Magic,Pinnacle,Spread,Magic,home,-5.5,-105,2025-11-20T02:39:26.428919Z,normal,2025-11-20T17:32:55.098399
Clippers vs Magic,Pinnacle,Spread,Magic,home,-5.5,-108,2025-11-20T02:53:27.23262Z,normal,2025-11-20T17:32:55.098405
Clippers vs Magic,Pinnacle,Spread,Magic,home,-5.5,-109,2025-11-20T03:38:25.767409Z,normal,2025-11-20T17:32:55.098410
Clippers vs Magic,Pinnacle,Spread,Magic,home,-5.5,-110,2025-11-20T04:01:25.28738Z,normal,2025-11-20T17:32:55.098415
Clippers vs Magic,Pinnacle,Spread,Clippers,away,4.5,-111,2025-11-19T23:57:05.048868Z,opener,2025-11-20T17:32:55.098425
Clippers vs Magic,Pinnacle,Spread,Clippers,away,4.5,-111,2025-11-19T23:58:59.225893Z,normal,2025-11-20T17:32:55.098431
Clippers vs Magic,Pinnacle,Spread,Clippers,away,5.0,-111,2025-11-20T00:05:00.648631Z,normal,2025-11-20T17:32:55.098447
Clippers vs Magic,Pinnacle,Spread,Clippers,away,4.5,-111,2025-11-20T00:07:07.94915Z,normal,2025-11-20T17:32:55.098457
Clippers vs Magic,Pinnacle,Spread,Clippers,away,5.0,-110,2025-11-20T00:13:26.818184Z,normal,2025-11-20T17:32:55.098463
Clippers vs Magic,Pinnacle,Spread,Clippers,away,5.0,-107,2025-11-20T00:23:11.703215Z,normal,2025-11-20T17:32:55.098469
Clippers vs Magic,Pinnacle,Spread,Clippers,away,5.5,-113,2025-11-20T00:43:11.937523Z,normal,2025-11-20T17:32:55.098475
Clippers vs Magic,Pinnacle,Spread,Clippers,away,5.5,-112,2025-11-20T00:53:08.591555Z,normal,2025-11-20T17:32:55.098480
Clippers vs Magic,Pinnacle,Spread,Clippers,away,5.5,-113,2025-11-20T01:03:02.023188Z,normal,2025-11-20T17:32:55.098486
Clippers vs Magic,Pinnacle,Spread,Clippers,away,5.5,-114,2025-11-20T01:37:03.948912Z,normal,2025-11-20T17:32:55.098492
Clippers vs Magic,Pinnacle,Spread,Clippers,away,5.5,-113,2025-11-20T02:22:40.434634Z,normal,2025-11-20T17:32:55.098497
Clippers vs Magic,Pinnacle,Spread,Clippers,away,5.5,-115,2025-11-20T02:28:26.352814Z,normal,2025-11-20T17:32:55.098514
Clippers vs Magic,Pinnacle,Spread,Clippers,away,5.5,-114,2025-11-20T02:53:27.239234Z,normal,2025-11-20T17:32:55.098523
Clippers vs Magic,Pinnacle,Spread,Clippers,away,5.5,-110,2025-11-20T04:01:25.29438Z,normal,2025-11-20T17:32:55.098527
Clippers vs Magic,Pinnacle,Moneyline,Clippers,away,0.0,168,2025-11-20T00:14:40.419835Z,normal,2025-11-20T17:32:55.098535
Clippers vs Magic,Pinnacle,Moneyline,Clippers,away,0.0,176,2025-11-20T00:47:37.454071Z,normal,2025-11-20T17:32:55.098542
Clippers vs Magic,Pinnacle,Moneyline,Clippers,away,0.0,172,2025-11-20T01:05:34.647667Z,normal,2025-11-20T17:32:55.098548
Clippers vs Magic,Pinnacle,Moneyline,Clippers,away,0.0,195,2025-11-20T01:31:26.727281Z,normal,2025-11-20T17:32:55.098553
Clippers vs Magic,Pinnacle,Moneyline,Clippers,away,0.0,190,2025-11-20T02:39:26.487303Z,normal,2025-11-20T17:32:55.098573
Clippers vs Magic,Pinnacle,Moneyline,Clippers,away,0.0,192,2025-11-20T03:34:56.088149Z,normal,2025-11-20T17:32:55.098581
Clippers vs Magic,Pinnacle,Moneyline,Clippers,away,0.0,194,2025-11-20T03:38:25.776027Z,normal,2025-11-20T17:32:55.098586
Clippers vs Magic,Pinnacle,Moneyline,Clippers,away,0.0,189,2025-11-20T04:34:25.618725Z,normal,2025-11-20T17:32:55.098592
Clippers vs Magic,Pinnacle,Moneyline,Clippers,away,0.0,190,2025-11-20T06:16:25.136443Z,normal,2025-11-20T17:32:55.098597
Clippers vs Magic,Pinnacle,Moneyline,Clippers,away,0.0,182,2025-11-20T12:59:25.208249Z,normal,2025-11-20T17:32:55.098602
Clippers vs Magic,Pinnacle,Moneyline,Clippers,away,0.0,180,2025-11-20T14:36:25.225749Z,normal,2025-11-20T17:32:55.098608
Clippers vs Magic,Pinnacle,Moneyline,Magic,home,0.0,-200,2025-11-20T00:14:40.407638Z,normal,2025-11-20T17:32:55.098614
Clippers vs Magic,Pinnacle,Moneyline,Magic,home,0.0,-210,2025-11-20T00:47:37.449654Z,normal,2025-11-20T17:32:55.098620
Clippers vs Magic,Pinnacle,Moneyline,Magic,home,0.0,-238,2025-11-20T01:31:26.758805Z,normal,2025-11-20T17:32:55.098625
Clippers vs Magic,Pinnacle,Moneyline,Magic,home,0.0,-231,2025-11-20T02:39:26.495239Z,normal,2025-11-20T17:32:55.098630
Clippers vs Magic,Pinnacle,Moneyline,Magic,home,0.0,-236,2025-11-20T03:38:25.78061Z,normal,2025-11-20T17:32:55.098636
Clippers vs Magic,Pinnacle,Moneyline,Magic,home,0.0,-230,2025-11-20T12:56:55.207937Z,normal,2025-11-20T17:32:55.098642
Clippers vs Magic,Pinnacle,Moneyline,Magic,home,0.0,-221,2025-11-20T12:57:55.22192Z,normal,2025-11-20T17:32:55.098661
Clippers vs Magic,Pinnacle,Moneyline,Magic,home,0.0,-218,2025-11-20T14:36:25.249711Z,normal,2025-11-20T17:32:55.098669
Clippers vs Magic,Pinnacle,Total,Both,under,218.5,-105,2025-11-19T23:57:03.297441Z,opener,2025-11-20T17:32:55.098678
Clippers vs Magic,Pinnacle,Total,Both,under,218.5,-105,2025-11-19T23:58:58.268481Z,normal,2025-11-20T17:32:55.098685
Clippers vs Magic,Pinnacle,Total,Both,under,218.5,-107,2025-11-20T00:23:06.01638Z,normal,2025-11-20T17:32:55.098692
Clippers vs Magic,Pinnacle,Total,Both,under,219.0,-109,2025-11-20T00:39:34.101318Z,normal,2025-11-20T17:32:55.098698
Clippers vs Magic,Pinnacle,Total,Both,under,219.5,-113,2025-11-20T00:43:05.127744Z,normal,2025-11-20T17:32:55.098704
Clippers vs Magic,Pinnacle,Total,Both,under,219.5,-112,2025-11-20T00:53:03.307801Z,normal,2025-11-20T17:32:55.098710
Clippers vs Magic,Pinnacle,Total,Both,under,219.5,-110,2025-11-20T01:03:00.021551Z,normal,2025-11-20T17:32:55.098715
Clippers vs Magic,Pinnacle,Total,Both,under,219.5,-112,2025-11-20T01:05:33.127174Z,normal,2025-11-20T17:32:55.098720
Clippers vs Magic,Pinnacle,Total,Both,under,219.0,-111,2025-11-20T01:14:56.807533Z,normal,2025-11-20T17:32:55.098723
Clippers vs Magic,Pinnacle,Total,Both,under,220.5,-110,2025-11-20T01:36:59.849344Z,normal,2025-11-20T17:32:55.098728
Clippers vs Magic,Pinnacle,Total,Both,under,219.5,-110,2025-11-20T03:16:25.544219Z,normal,2025-11-20T17:32:55.098734
Clippers vs Magic,Pinnacle,Total,Both,under,219.5,-110,2025-11-20T10:13:55.209335Z,normal,2025-11-20T17:32:55.098740
Clippers vs Magic,Pinnacle,Total,Both,under,218.5,-110,2025-11-20T10:18:55.207668Z,normal,2025-11-20T17:32:55.098744
Clippers vs Magic,Pinnacle,Total,Both,under,219.5,-115,2025-11-20T11:22:55.208552Z,normal,2025-11-20T17:32:55.098747
Clippers vs Magic,Pinnacle,Total,Both,under,218.5,-110,2025-11-20T11:41:25.208239Z,normal,2025-11-20T17:32:55.098751
Clippers vs Magic,Pinnacle,Total,Both,under,219.5,-115,2025-11-20T13:32:55.220892Z,normal,2025-11-20T17:32:55.098759
Clippers vs Magic,Pinnacle,Total,Both,under,218.5,-110,2025-11-20T14:19:55.367817Z,normal,2025-11-20T17:32:55.098777
Clippers vs Magic,Pinnacle,Total,Both,over,218.5,-116,2025-11-19T23:57:03.288838Z,opener,2025-11-20T17:32:55.098792
Clippers vs Magic,Pinnacle,Total,Both,over,218.5,-116,2025-11-19T23:58:58.261517Z,normal,2025-11-20T17:32:55.098796
Clippers vs Magic,Pinnacle,Total,Both,over,218.5,-115,2025-11-20T00:13:11.930544Z,normal,2025-11-20T17:32:55.098799
Clippers vs Magic,Pinnacle,Total,Both,over,218.5,-114,2025-11-20T00:23:06.029168Z,normal,2025-11-20T17:32:55.098802
Clippers vs Magic,Pinnacle,Total,Both,over,219.0,-112,2025-11-20T00:39:34.106977Z,normal,2025-11-20T17:32:55.098812
Clippers vs Magic,Pinnacle,Total,Both,over,219.5,-107,2025-11-20T00:43:05.141291Z,normal,2025-11-20T17:32:55.098816
Clippers vs Magic,Pinnacle,Total,Both,over,219.5,-109,2025-11-20T00:53:03.317786Z,normal,2025-11-20T17:32:55.098819
Clippers vs Magic,Pinnacle,Total,Both,over,219.5,-110,2025-11-20T01:03:00.028875Z,normal,2025-11-20T17:32:55.098822
Clippers vs Magic,Pinnacle,Total,Both,over,219.5,-108,2025-11-20T01:05:33.134354Z,normal,2025-11-20T17:32:55.098825
Clippers vs Magic,Pinnacle,Total,Both,over,219.0,-110,2025-11-20T01:14:56.815597Z,normal,2025-11-20T17:32:55.098828
Clippers vs Magic,Pinnacle,Total,Both,over,220.5,-110,2025-11-20T01:36:59.857835Z,normal,2025-11-20T17:32:55.098832
Clippers vs Magic,Pinnacle,Total,Both,over,220.5,-105,2025-11-20T02:54:56.98434Z,normal,2025-11-20T17:32:55.098835
Clippers vs Magic,Pinnacle,Total,Both,over,219.5,-110,2025-11-20T03:16:25.55889Z,normal,2025-11-20T17:32:55.098838
Clippers vs Magic,Pinnacle,Total,Both,over,219.5,-110,2025-11-20T10:13:55.21694Z,normal,2025-11-20T17:32:55.098841
Clippers vs Magic,Pinnacle,Total,Both,over,218.5,-115,2025-11-20T10:18:55.304432Z,normal,2025-11-20T17:32:55.098844
Clippers vs Magic,Pinnacle,Total,Both,over,219.5,100,2025-11-20T11:22:55.219587Z,normal,2025-11-20T17:32:55.098847
Clippers vs Magic,Pinnacle,Total,Both,over,218.5,-110,2025-11-20T11:41:25.214913Z,normal,2025-11-20T17:32:55.098850
Clippers vs Magic,Pinnacle,Total,Both,over,219.5,-102,2025-11-20T13:32:55.228021Z,normal,2025-11-20T17:32:55.098853
Clippers vs Magic,Pinnacle,Total,Both,over,218.5,-114,2025-11-20T14:19:55.377011Z,normal,2025-11-20T17:32:55.098855
Clippers vs Magic,Pinnacle,Total,Both,over,218.5,-110,2025-11-20T15:57:25.209631Z,normal,2025-11-20T17:32:55.098858
Clippers vs Magic,Book30,Spread,Clippers,away,5.5,-114,2025-11-20T02:53:27.239234Z,normal,2025-11-20T17:32:55.098870
Clippers vs Magic,Book30,Spread,Clippers,away,5.5,-110,2025-11-20T04:01:25.29438Z,normal,2025-11-20T17:32:55.098874
Clippers vs Magic,Book30,Spread,Magic,home,-4.5,-111,2025-11-19T23:57:05.056697Z,opener,2025-11-20T17:32:55.098878
Clippers vs Magic,Book30,Spread,Magic,home,-4.5,-111,2025-11-19T23:58:59.231009Z,normal,2025-11-20T17:32:55.098882
Clippers vs Magic,Book30,Spread,Magic,home,-5.0,-111,2025-11-20T00:05:00.656643Z,normal,2025-11-20T17:32:55.098885
Clippers vs Magic,Book30,Spread,Magic,home,-4.5,-111,2025-11-20T00:07:07.940128Z,normal,2025-11-20T17:32:55.098887
Clippers vs Magic,Book30,Spread,Magic,home,-5.0,-110,2025-11-20T00:13:26.8121Z,normal,2025-11-20T17:32:55.098897
Clippers vs Magic,Book30,Spread,Magic,home,-5.0,-113,2025-11-20T00:23:11.687651Z,normal,2025-11-20T17:32:55.098902
Clippers vs Magic,Book30,Spread,Magic,home,-5.5,-107,2025-11-20T00:43:11.927619Z,normal,2025-11-20T17:32:55.098908
Clippers vs Magic,Book30,Spread,Magic,home,-5.5,-109,2025-11-20T00:53:08.579311Z,normal,2025-11-20T17:32:55.098914
Clippers vs Magic,Book30,Spread,Magic,home,-5.5,-107,2025-11-20T01:03:02.014924Z,normal,2025-11-20T17:32:55.098920
Clippers vs Magic,Book30,Spread,Magic,home,-5.5,-107,2025-11-20T01:37:03.953973Z,normal,2025-11-20T17:32:55.098938
Clippers vs Magic,Book30,Spread,Magic,home,-5.5,-106,2025-11-20T02:15:04.425771Z,normal,2025-11-20T17:32:55.098956
Clippers vs Magic,Book30,Spread,Magic,home,-5.5,-108,2025-11-20T02:22:40.416788Z,normal,2025-11-20T17:32:55.098964
Clippers vs Magic,Book30,Spread,Magic,home,-5.5,-105,2025-11-20T02:28:26.347842Z,normal,2025-11-20T17:32:55.098970
Clippers vs Magic,Book30,Spread,Magic,home,-5.5,-105,2025-11-20T02:39:26.428919Z,normal,2025-11-20T17:32:55.098976
Clippers vs Magic,Book30,Spread,Magic,home,-5.5,-108,2025-11-20T02:53:27.23262Z,normal,2025-11-20T17:32:55.098982
Clippers vs Magic,Book30,Spread,Magic,home,-5.5,-109,2025-11-20T03:38:25.767409Z,normal,2025-11-20T17:32:55.098988
Clippers vs Magic,Book30,Spread,Magic,home,-5.5,-110,2025-11-20T04:01:25.28738Z,normal,2025-11-20T17:32:55.098994
Clippers vs Magic,Book30,Moneyline,Magic,home,0.0,-236,2025-11-20T03:38:25.78061Z,normal,2025-11-20T17:32:55.099014
Clippers vs Magic,Book30,Moneyline,Magic,home,0.0,-230,2025-11-20T12:56:55.207937Z,normal,2025-11-20T17:32:55.099023
Clippers vs Magic,Book30,Moneyline,Magic,home,0.0,-221,2025-11-20T12:57:55.22192Z,normal,2025-11-20T17:32:55.099029
Clippers vs Magic,Book30,Moneyline,Magic,home,0.0,-218,2025-11-20T14:36:25.249711Z,normal,2025-11-20T17:32:55.099037
Clippers vs Magic,Book30,Moneyline,Clippers,away,0.0,168,2025-11-20T00:14:40.419835Z,normal,2025-11-20T17:32:55.099044
Clippers vs Magic,Book30,Moneyline,Clippers,away,0.0,176,2025-11-20T00:47:37.454071Z,normal,2025-11-20T17:32:55.099050
Clippers vs Magic,Book30,Moneyline,Clippers,away,0.0,172,2025-11-20T01:05:34.647667Z,normal,2025-11-20T17:32:55.099056
Clippers vs Magic,Book30,Moneyline,Clippers,away,0.0,195,2025-11-20T01:31:26.727281Z,normal,2025-11-20T17:32:55.099062
Clippers vs Magic,Book30,Moneyline,Clippers,away,0.0,190,2025-11-20T02:39:26.487303Z,normal,2025-11-20T17:32:55.099068
Clippers vs Magic,Book30,Moneyline,Clippers,away,0.0,192,2025-11-20T03:34:56.088149Z,normal,2025-11-20T17:32:55.099073
Clippers vs Magic,Book30,Moneyline,Clippers,away,0.0,194,2025-11-20T03:38:25.776027Z,normal,2025-11-20T17:32:55.099079
Clippers vs Magic,Book30,Moneyline,Clippers,away,0.0,189,2025-11-20T04:34:25.618725Z,normal,2025-11-20T17:32:55.099084
Clippers vs Magic,Book30,Moneyline,Clippers,away,0.0,190,2025-11-20T06:16:25.136443Z,normal,2025-11-20T17:32:55.099090
Clippers vs Magic,Book30,Moneyline,Clippers,away,0.0,182,2025-11-20T12:59:25.208249Z,normal,2025-11-20T17:32:55.099095
Clippers vs Magic,Book30,Moneyline,Clippers,away,0.0,180,2025-11-20T14:36:25.225749Z,normal,2025-11-20T17:32:55.099100
Clippers vs Magic,Book30,Total,Both,over,218.5,-116,2025-11-19T23:57:03.288838Z,opener,2025-11-20T17:32:55.099117
Clippers vs Magic,Book30,Total,Both,over,218.5,-116,2025-11-19T23:58:58.261517Z,normal,2025-11-20T17:32:55.099126
Clippers vs Magic,Book30,Total,Both,over,218.5,-115,2025-11-20T00:13:11.930544Z,normal,2025-11-20T17:32:55.099132
Clippers vs Magic,Book30,Total,Both,over,218.5,-114,2025-11-20T00:23:06.029168Z,normal,2025-11-20T17:32:55.099137
Clippers vs Magic,Book30,Total,Both,over,219.0,-112,2025-11-20T00:39:34.106977Z,normal,2025-11-20T17:32:55.099143
Clippers vs Magic,Book30,Total,Both,over,219.5,-107,2025-11-20T00:43:05.141291Z,normal,2025-11-20T17:32:55.099160
Clippers vs Magic,Book30,Total,Both,over,219.5,-109,2025-11-20T00:53:03.317786Z,normal,2025-11-20T17:32:55.099167
Clippers vs Magic,Book30,Total,Both,over,219.5,-110,2025-11-20T01:03:00.028875Z,normal,2025-11-20T17:32:55.099173
Clippers vs Magic,Book30,Total,Both,over,219.5,-108,2025-11-20T01:05:33.134354Z,normal,2025-11-20T17:32:55.099181
Clippers vs Magic,Book30,Total,Both,over,219.0,-110,2025-11-20T01:14:56.815597Z,normal,2025-11-20T17:32:55.099193
Clippers vs Magic,Book30,Total,Both,over,220.5,-110,2025-11-20T01:36:59.857835Z,normal,2025-11-20T17:32:55.099198
Clippers vs Magic,Book30,Total,Both,over,220.5,-105,2025-11-20T02:54:56.98434Z,normal,2025-11-20T17:32:55.099201
Clippers vs Magic,Book30,Total,Both,over,219.5,-110,2025-11-20T03:16:25.55889Z,normal,2025-11-20T17:32:55.099204
Clippers vs Magic,Book30,Total,Both,over,219.5,-110,2025-11-20T10:13:55.21694Z,normal,2025-11-20T17:32:55.099207
Clippers vs Magic,Book30,Total,Both,over,218.5,-115,2025-11-20T10:18:55.304432Z,normal,2025-11-20T17:32:55.099209
Clippers vs Magic,Book30,Total,Both,over,219.5,100,2025-11-20T11:22:55.219587Z,normal,2025-11-20T17:32:55.099212
Clippers vs Magic,Book30,Total,Both,over,218.5,-110,2025-11-20T11:41:25.214913Z,normal,2025-11-20T17:32:55.099215
Clippers vs Magic,Book30,Total,Both,over,219.5,-102,2025-11-20T13:32:55.228021Z,normal,2025-11-20T17:32:55.099218
Clippers vs Magic,Book30,Total,Both,over,218.5,-114,2025-11-20T14:19:55.377011Z,normal,2025-11-20T17:32:55.099221
Clippers vs Magic,Book30,Total,Both,over,218.5,-110,2025-11-20T15:57:25.209631Z,normal,2025-11-20T17:32:55.099224
Clippers vs Magic,Book30,Total,Both,under,218.5,-105,2025-11-19T23:57:03.297441Z,opener,2025-11-20T17:32:55.099227
Clippers vs Magic,Book30,Total,Both,under,218.5,-105,2025-11-19T23:58:58.268481Z,normal,2025-11-20T17:32:55.099230
Clippers vs Magic,Book30,Total,Both,under,218.5,-107,2025-11-20T00:23:06.01638Z,normal,2025-11-20T17:32:55.099233
Clippers vs Magic,Book30,Total,Both,under,219.0,-109,2025-11-20T00:39:34.101318Z,normal,2025-11-20T17:32:55.099235
Clippers vs Magic,Book30,Total,Both,under,219.5,-113,2025-11-20T00:43:05.127744Z,normal,2025-11-20T17:32:55.099245
Clippers vs Magic,Book30,Total,Both,under,219.5,-112,2025-11-20T00:53:03.307801Z,normal,2025-11-20T17:32:55.099250
Clippers vs Magic,Book30,Total,Both,under,219.5,-110,2025-11-20T01:03:00.021551Z,normal,2025-11-20T17:32:55.099255
Clippers vs Magic,Book30,Total,Both,under,219.5,-112,2025-11-20T01:05:33.127174Z,normal,2025-11-20T17:32:55.099260
Clippers vs Magic,Book30,Total,Both,under,219.0,-111,2025-11-20T01:14:56.807533Z,normal,2025-11-20T17:32:55.099268
Clippers vs Magic,Book30,Total,Both,under,220.5,-110,2025-11-20T01:36:59.849344Z,normal,2025-11-20T17:32:55.099273
Clippers vs Magic,Book30,Total,Both,under,219.5,-110,2025-11-20T03:16:25.544219Z,normal,2025-11-20T17:32:55.099279
Clippers vs Magic,Book30,Total,Both,under,219.5,-110,2025-11-20T10:13:55.209335Z,normal,2025-11-20T17:32:55.099285
Clippers vs Magic,Book30,Total,Both,under,218.5,-110,2025-11-20T10:18:55.207668Z,normal,2025-11-20T17:32:55.099290
Clippers vs Magic,Book30,Total,Both,under,219.5,-115,2025-11-20T11:22:55.208552Z,normal,2025-11-20T17:32:55.099295
Clippers vs Magic,Book30,Total,Both,under,218.5,-110,2025-11-20T11:41:25.208239Z,normal,2025-11-20T17:32:55.099301
Clippers vs Magic,Book30,Total,Both,under,219.5,-115,2025-11-20T13:32:55.220892Z,normal,2025-11-20T17:32:55.099307
Clippers vs Magic,Book30,Total,Both,under,218.5,-110,2025-11-20T14:19:55.367817Z,normal,2025-11-20T17:32:55.099313
Clippers vs Magic,Book49,Spread,Magic,home,-4.5,-110,2025-11-20T01:53:16.994801Z,opener,2025-11-20T17:32:55.099322
Clippers vs Magic,Book49,Spread,Magic,home,-4.5,-110,2025-11-20T01:54:14.887636Z,normal,2025-11-20T17:32:55.099328
Clippers vs Magic,Book49,Spread,Magic,home,-5.0,-115,2025-11-20T02:33:12.019641Z,normal,2025-11-20T17:32:55.099334
Clippers vs Magic,Book49,Spread,Magic,home,-5.5,-105,2025-11-20T02:43:25.533971Z,normal,2025-11-20T17:32:55.099340
Clippers vs Magic,Book49,Spread,Magic,home,-5.5,-110,2025-11-20T04:03:20.888481Z,normal,2025-11-20T17:32:55.099357
Clippers vs Magic,Book49,Spread,Magic,home,-6.0,-110,2025-11-20T04:43:21.053603Z,normal,2025-11-20T17:32:55.099365
Clippers vs Magic,Book49,Spread,Magic,home,-5.5,-110,2025-11-20T06:13:26.745427Z,normal,2025-11-20T17:32:55.099371
Clippers vs Magic,Book49,Spread,Magic,home,-5.5,-105,2025-11-20T14:43:28.750942Z,normal,2025-11-20T17:32:55.099386
Clippers vs Magic,Book49,Spread,Clippers,away,4.5,-110,2025-11-20T01:53:17.001259Z,opener,2025-11-20T17:32:55.099395
Clippers vs Magic,Book49,Spread,Clippers,away,4.5,-110,2025-11-20T01:54:14.92593Z,normal,2025-11-20T17:32:55.099400
Clippers vs Magic,Book49,Spread,Clippers,away,5.0,-105,2025-11-20T02:33:12.029984Z,normal,2025-11-20T17:32:55.099406
Clippers vs Magic,Book49,Spread,Clippers,away,5.5,-115,2025-11-20T02:43:25.544621Z,normal,2025-11-20T17:32:55.099412
Clippers vs Magic,Book49,Spread,Clippers,away,5.5,-110,2025-11-20T04:03:20.894107Z,normal,2025-11-20T17:32:55.099417
Clippers vs Magic,Book49,Spread,Clippers,away,6.0,-110,2025-11-20T04:43:21.069397Z,normal,2025-11-20T17:32:55.099422
Clippers vs Magic,Book49,Spread,Clippers,away,5.5,-110,2025-11-20T06:13:26.750691Z,normal,2025-11-20T17:32:55.099439
Clippers vs Magic,Book49,Spread,Clippers,away,5.5,-115,2025-11-20T14:43:28.756377Z,normal,2025-11-20T17:32:55.099450
Clippers vs Magic,Book49,Moneyline,Clippers,away,0.0,185,2025-11-20T02:44:21.458971Z,normal,2025-11-20T17:32:55.099458
Clippers vs Magic,Book49,Moneyline,Clippers,away,0.0,205,2025-11-20T03:03:21.472234Z,normal,2025-11-20T17:32:55.099464
Clippers vs Magic,Book49,Moneyline,Clippers,away,0.0,195,2025-11-20T03:04:17.795762Z,normal,2025-11-20T17:32:55.099470
Clippers vs Magic,Book49,Moneyline,Clippers,away,0.0,185,2025-11-20T04:33:20.351689Z,normal,2025-11-20T17:32:55.099475
Clippers vs Magic,Book49,Moneyline,Magic,home,0.0,-225,2025-11-20T02:44:21.448549Z,normal,2025-11-20T17:32:55.099481
Clippers vs Magic,Book49,Moneyline,Magic,home,0.0,-250,2025-11-20T03:03:21.463077Z,normal,2025-11-20T17:32:55.099484
Clippers vs Magic,Book49,Moneyline,Magic,home,0.0,-233,2025-11-20T03:04:17.788758Z,normal,2025-11-20T17:32:55.099488
Clippers vs Magic,Book49,Moneyline,Magic,home,0.0,-225,2025-11-20T04:33:20.336538Z,normal,2025-11-20T17:32:55.099491
Clippers vs Magic,Book49,Total,Both,under,220.0,-110,2025-11-20T01:53:16.907317Z,opener,2025-11-20T17:32:55.099496
Clippers vs Magic,Book49,Total,Both,under,220.0,-110,2025-11-20T01:54:14.675539Z,normal,2025-11-20T17:32:55.099499
Clippers vs Magic,Book49,Total,Both,under,219.5,-110,2025-11-20T03:13:19.300715Z,normal,2025-11-20T17:32:55.099512
Clippers vs Magic,Book49,Total,Both,under,219.0,-110,2025-11-20T03:43:25.868517Z,normal,2025-11-20T17:32:55.099516
Clippers vs Magic,Book49,Total,Both,under,218.5,-110,2025-11-20T10:23:21.631047Z,normal,2025-11-20T17:32:55.099519
Clippers vs Magic,Book49,Total,Both,under,219.0,-110,2025-11-20T11:23:25.540705Z,normal,2025-11-20T17:32:55.099522
Clippers vs Magic,Book49,Total,Both,under,218.5,-110,2025-11-20T11:43:23.234606Z,normal,2025-11-20T17:32:55.099525
Clippers vs Magic,Book49,Total,Both,under,219.0,-110,2025-11-20T13:33:22.664985Z,normal,2025-11-20T17:32:55.099528
Clippers vs Magic,Book49,Total,Both,under,218.5,-110,2025-11-20T16:03:23.946905Z,normal,2025-11-20T17:32:55.099530
Clippers vs Magic,Book49,Total,Both,over,220.0,-110,2025-11-20T01:53:16.899734Z,opener,2025-11-20T17:32:55.099534
Clippers vs Magic,Book49,Total,Both,over,220.0,-110,2025-11-20T01:54:14.651301Z,normal,2025-11-20T17:32:55.099537
Clippers vs Magic,Book49,Total,Both,over,219.5,-110,2025-11-20T03:13:19.295485Z,normal,2025-11-20T17:32:55.099540
Clippers vs Magic,Book49,Total,Both,over,219.5,-110,2025-11-20T03:14:17.6154Z,normal,2025-11-20T17:32:55.099549
Clippers vs Magic,Book49,Total,Both,over,219.0,-110,2025-11-20T03:43:25.851283Z,normal,2025-11-20T17:32:55.099552
Clippers vs Magic,Book49,Total,Both,over,218.5,-110,2025-11-20T10:23:21.623673Z,normal,2025-11-20T17:32:55.099555
Clippers vs Magic,Book49,Total,Both,over,219.0,-110,2025-11-20T11:23:25.528092Z,normal,2025-11-20T17:32:55.099559
Clippers vs Magic,Book49,Total,Both,over,218.5,-110,2025-11-20T11:43:23.229616Z,normal,2025-11-20T17:32:55.099562
Clippers vs Magic,Book49,Total,Both,over,219.0,-110,2025-11-20T13:33:22.65703Z,normal,2025-11-20T17:32:55.099565
Clippers vs Magic,Book49,Total,Both,over,218.5,-110,2025-11-20T16:03:23.941336Z,normal,2025-11-20T17:32:55.099568
Clippers vs Magic,Bet365,Spread,Magic,home,-5.5,-105,2025-11-20T01:31:38.094651Z,normal,2025-11-20T17:32:55.099580
Clippers vs Magic,Bet365,Spread,Magic,home,-5.5,-110,2025-11-20T04:01:03.931056Z,normal,2025-11-20T17:32:55.099586
Clippers vs Magic,Bet365,Spread,Clippers,away,5.5,-115,2025-11-20T01:31:38.103827Z,normal,2025-11-20T17:32:55.099593
Clippers vs Magic,Bet365,Spread,Clippers,away,5.5,-110,2025-11-20T04:01:03.954163Z,normal,2025-11-20T17:32:55.099610
Clippers vs Magic,Bet365,Moneyline,Magic,home,0.0,-238,2025-11-20T01:31:38.011698Z,normal,2025-11-20T17:32:55.099619
Clippers vs Magic,Bet365,Moneyline,Magic,home,0.0,-218,2025-11-20T12:56:54.416486Z,normal,2025-11-20T17:32:55.099625
Clippers vs Magic,Bet365,Moneyline,Clippers,away,0.0,195,2025-11-20T01:31:38.020799Z,normal,2025-11-20T17:32:55.099632
Clippers vs Magic,Bet365,Moneyline,Clippers,away,0.0,190,2025-11-20T04:31:58.188286Z,normal,2025-11-20T17:32:55.099639
Clippers vs Magic,Bet365,Moneyline,Clippers,away,0.0,180,2025-11-20T12:56:54.428151Z,normal,2025-11-20T17:32:55.099644
Clippers vs Magic,Bet365,Total,Both,under,218.5,-108,2025-11-20T14:19:03.712326Z,normal,2025-11-20T17:32:55.099652
Clippers vs Magic,Bet365,Total,Both,under,218.5,-112,2025-11-20T15:57:05.878552Z,normal,2025-11-20T17:32:55.099655
Clippers vs Magic,Bet365,Total,Both,over,219.5,-105,2025-11-20T04:03:04.731488Z,normal,2025-11-20T17:32:55.099660
Clippers vs Magic,Bet365,Total,Both,over,218.5,-115,2025-11-20T10:13:57.449995Z,normal,2025-11-20T17:32:55.099663
Clippers vs Magic,Bet365,Total,Both,over,219.5,100,2025-11-20T11:22:05.849368Z,normal,2025-11-20T17:32:55.099667
Clippers vs Magic,Bet365,Total,Both,over,218.5,-110,2025-11-20T11:41:05.139752Z,normal,2025-11-20T17:32:55.099671
Clippers vs Magic,Bet365,Total,Both,over,219.5,-102,2025-11-20T13:32:01.290967Z,normal,2025-11-20T17:32:55.099674
Clippers vs Magic,Bet365,Total,Both,over,218.5,-112,2025-11-20T14:19:03.699968Z,normal,2025-11-20T17:32:55.099679
Clippers vs Magic,Bet365,Total,Both,over,218.5,-108,2025-11-20T15:57:05.872751Z,normal,2025-11-20T17:32:55.099684
Clippers vs Magic,DraftKings,Spread,Clippers,away,5.0,-110,2025-11-20T00:11:52.329376Z,opener,2025-11-20T17:32:55.099693
Clippers vs Magic,DraftKings,Spread,Clippers,away,5.0,-110,2025-11-20T00:13:45.768812Z,normal,2025-11-20T17:32:55.099699
Clippers vs Magic,DraftKings,Spread,Clippers,away,5.0,-106,2025-11-20T01:30:39.947174Z,normal,2025-11-20T17:32:55.099705
Clippers vs Magic,DraftKings,Spread,Clippers,away,5.5,-112,2025-11-20T02:14:51.625894Z,normal,2025-11-20T17:32:55.099711
Clippers vs Magic,DraftKings,Spread,Clippers,away,5.5,-106,2025-11-20T03:38:24.756273Z,normal,2025-11-20T17:32:55.099736
Clippers vs Magic,DraftKings,Spread,Magic,home,-5.5,-114,2025-11-20T03:38:24.761617Z,normal,2025-11-20T17:32:55.099747
Clippers vs Magic,DraftKings,Moneyline,Magic,home,0.0,-200,2025-11-20T00:11:52.264374Z,opener,2025-11-20T17:32:55.099755
Clippers vs Magic,DraftKings,Moneyline,Magic,home,0.0,-200,2025-11-20T00:13:45.698409Z,normal,2025-11-20T17:32:55.099776
Clippers vs Magic,DraftKings,Moneyline,Magic,home,0.0,-210,2025-11-20T00:47:18.024366Z,normal,2025-11-20T17:32:55.099785
Clippers vs Magic,DraftKings,Moneyline,Magic,home,0.0,-235,2025-11-20T03:38:24.748143Z,normal,2025-11-20T17:32:55.099790
Clippers vs Magic,DraftKings,Moneyline,Magic,home,0.0,-225,2025-11-20T13:21:02.425581Z,normal,2025-11-20T17:32:55.099795
Clippers vs Magic,DraftKings,Moneyline,Magic,home,0.0,-215,2025-11-20T14:36:16.015571Z,normal,2025-11-20T17:32:55.099800
Clippers vs Magic,DraftKings,Moneyline,Clippers,away,0.0,168,2025-11-20T00:11:52.249246Z,opener,2025-11-20T17:32:55.099807
Clippers vs Magic,DraftKings,Moneyline,Clippers,away,0.0,168,2025-11-20T00:13:45.688257Z,normal,2025-11-20T17:32:55.099812
Clippers vs Magic,DraftKings,Moneyline,Clippers,away,0.0,176,2025-11-20T00:47:18.012404Z,normal,2025-11-20T17:32:55.099820
Clippers vs Magic,DraftKings,Moneyline,Clippers,away,0.0,172,2025-11-20T01:05:09.929833Z,normal,2025-11-20T17:32:55.099825
Clippers vs Magic,DraftKings,Moneyline,Clippers,away,0.0,180,2025-11-20T01:30:39.937023Z,normal,2025-11-20T17:32:55.099831
Clippers vs Magic,DraftKings,Moneyline,Clippers,away,0.0,190,2025-11-20T03:34:30.018214Z,normal,2025-11-20T17:32:55.099836
Clippers vs Magic,DraftKings,Moneyline,Clippers,away,0.0,194,2025-11-20T03:38:24.736637Z,normal,2025-11-20T17:32:55.099841
Clippers vs Magic,DraftKings,Moneyline,Clippers,away,0.0,188,2025-11-20T04:34:22.732828Z,normal,2025-11-20T17:32:55.099845
Clippers vs Magic,DraftKings,Moneyline,Clippers,away,0.0,190,2025-11-20T06:18:18.817632Z,normal,2025-11-20T17:32:55.099850
Clippers vs Magic,DraftKings,Moneyline,Clippers,away,0.0,180,2025-11-20T14:36:16.008805Z,normal,2025-11-20T17:32:55.099855
Clippers vs Magic,DraftKings,Total,Both,over,218.5,-110,2025-11-20T03:36:27.131594Z,normal,2025-11-20T17:32:55.099861
Clippers vs Magic,DraftKings,Total,Both,under,218.5,-106,2025-11-20T00:11:52.576394Z,opener,2025-11-20T17:32:55.099867
Clippers vs Magic,DraftKings,Total,Both,under,218.5,-106,2025-11-20T00:13:45.943672Z,normal,2025-11-20T17:32:55.099885
Clippers vs Magic,DraftKings,Total,Both,under,219.5,-110,2025-11-20T00:39:19.77566Z,normal,2025-11-20T17:32:55.099893
Clippers vs Magic,DraftKings,Total,Both,under,219.5,-114,2025-11-20T01:05:10.114269Z,normal,2025-11-20T17:32:55.099898
Clippers vs Magic,DraftKings,Total,Both,under,218.5,-108,2025-11-20T03:12:29.218691Z,normal,2025-11-20T17:32:55.099903
Clippers vs Magic,DraftKings,Total,Both,under,218.5,-115,2025-11-20T03:34:30.221606Z,normal,2025-11-20T17:32:55.099908
Clippers vs Magic,DraftKings,Total,Both,under,218.5,-110,2025-11-20T03:36:27.137388Z,normal,2025-11-20T17:32:55.099913
Clippers vs Magic,FanDuel,Spread,Clippers,away,5.0,-112,2025-11-20T01:15:06.035057Z,normal,2025-11-20T17:32:55.099921
Clippers vs Magic,FanDuel,Spread,Clippers,away,5.5,-114,2025-11-20T02:01:51.318011Z,normal,2025-11-20T17:32:55.099927
Clippers vs Magic,FanDuel,Spread,Clippers,away,5.5,-109,2025-11-20T10:00:05.464704Z,normal,2025-11-20T17:32:55.099932
Clippers vs Magic,FanDuel,Spread,Clippers,away,5.5,-113,2025-11-20T10:40:20.496818Z,normal,2025-11-20T17:32:55.099937
Clippers vs Magic,FanDuel,Spread,Clippers,away,5.5,-112,2025-11-20T10:45:05.368845Z,normal,2025-11-20T17:32:55.099941
Clippers vs Magic,FanDuel,Spread,Clippers,away,5.5,-109,2025-11-20T10:48:20.57753Z,normal,2025-11-20T17:32:55.099960
Clippers vs Magic,FanDuel,Spread,Clippers,away,5.5,-108,2025-11-20T10:50:05.37129Z,normal,2025-11-20T17:32:55.099965
Clippers vs Magic,FanDuel,Spread,Clippers,away,5.5,-108,2025-11-20T10:54:35.465658Z,normal,2025-11-20T17:32:55.099971
Clippers vs Magic,FanDuel,Spread,Clippers,away,5.5,-108,2025-11-20T10:58:20.505078Z,normal,2025-11-20T17:32:55.099975
Clippers vs Magic,FanDuel,Spread,Clippers,away,5.5,-109,2025-11-20T10:59:20.414472Z,normal,2025-11-20T17:32:55.099992
Clippers vs Magic,FanDuel,Spread,Clippers,away,6.0,-115,2025-11-20T10:59:50.426167Z,normal,2025-11-20T17:32:55.099999
Clippers vs Magic,FanDuel,Spread,Clippers,away,6.0,-114,2025-11-20T11:01:05.375776Z,normal,2025-11-20T17:32:55.100004
Clippers vs Magic,FanDuel,Spread,Clippers,away,6.0,-113,2025-11-20T14:05:35.378264Z,normal,2025-11-20T17:32:55.100009
Clippers vs Magic,FanDuel,Spread,Clippers,away,6.0,-114,2025-11-20T14:31:50.434881Z,normal,2025-11-20T17:32:55.100026
Clippers vs Magic,FanDuel,Spread,Clippers,away,6.0,-115,2025-11-20T15:02:05.370155Z,normal,2025-11-20T17:32:55.100034
Clippers vs Magic,FanDuel,Spread,Clippers,away,6.0,-114,2025-11-20T15:12:05.370307Z,normal,2025-11-20T17:32:55.100039
Clippers vs Magic,FanDuel,Spread,Clippers,away,5.5,-108,2025-11-20T15:23:50.334473Z,normal,2025-11-20T17:32:55.100044
Clippers vs Magic,FanDuel,Spread,Clippers,away,6.0,-114,2025-11-20T15:35:35.381277Z,normal,2025-11-20T17:32:55.100049
Clippers vs Magic,FanDuel,Spread,Clippers,away,6.0,-113,2025-11-20T15:59:35.3794Z,normal,2025-11-20T17:32:55.100054
Clippers vs Magic,FanDuel,Spread,Clippers,away,6.0,-115,2025-11-20T16:02:35.44722Z,normal,2025-11-20T17:32:55.100059
Clippers vs Magic,FanDuel,Spread,Clippers,away,5.5,-109,2025-11-20T16:05:05.384202Z,normal,2025-11-20T17:32:55.100066
Clippers vs Magic,FanDuel,Spread,Magic,home,-5.5,-109,2025-11-20T02:01:51.307811Z,normal,2025-11-20T17:32:55.100073
Clippers vs Magic,FanDuel,Spread,Magic,home,-5.5,-114,2025-11-20T10:00:05.451812Z,normal,2025-11-20T17:32:55.100078
Clippers vs Magic,FanDuel,Spread,Magic,home,-5.5,-110,2025-11-20T10:40:20.487729Z,normal,2025-11-20T17:32:55.100083
Clippers vs Magic,FanDuel,Spread,Magic,home,-5.5,-112,2025-11-20T10:44:50.48959Z,normal,2025-11-20T17:32:55.100088
Clippers vs Magic,FanDuel,Spread,Magic,home,-5.5,-114,2025-11-20T10:48:20.568147Z,normal,2025-11-20T17:32:55.100094
Clippers vs Magic,FanDuel,Spread,Magic,home,-5.5,-114,2025-11-20T10:49:50.407941Z,normal,2025-11-20T17:32:55.100124
Clippers vs Magic,FanDuel,Spread,Magic,home,-5.5,-114,2025-11-20T10:54:50.4323Z,normal,2025-11-20T17:32:55.100133
Clippers vs Magic,FanDuel,Spread,Magic,home,-5.5,-115,2025-11-20T10:58:20.493366Z,normal,2025-11-20T17:32:55.100139
Clippers vs Magic,FanDuel,Spread,Magic,home,-5.5,-114,2025-11-20T10:59:20.40955Z,normal,2025-11-20T17:32:55.100144
Clippers vs Magic,FanDuel,Spread,Magic,home,-6.0,-108,2025-11-20T10:59:50.415275Z,normal,2025-11-20T17:32:55.100149
Clippers vs Magic,FanDuel,Spread,Magic,home,-6.0,-109,2025-11-20T11:01:05.369406Z,normal,2025-11-20T17:32:55.100154
Clippers vs Magic,FanDuel,Spread,Magic,home,-6.0,-110,2025-11-20T14:05:35.369957Z,normal,2025-11-20T17:32:55.100158
Clippers vs Magic,FanDuel,Spread,Magic,home,-6.0,-108,2025-11-20T14:32:05.369551Z,normal,2025-11-20T17:32:55.100164
Clippers vs Magic,FanDuel,Spread,Magic,home,-6.0,-109,2025-11-20T15:06:20.414027Z,normal,2025-11-20T17:32:55.100169
Clippers vs Magic,FanDuel,Spread,Magic,home,-5.5,-115,2025-11-20T15:23:50.327988Z,normal,2025-11-20T17:32:55.100174
Clippers vs Magic,FanDuel,Spread,Magic,home,-6.0,-109,2025-11-20T15:35:35.371156Z,normal,2025-11-20T17:32:55.100179
Clippers vs Magic,FanDuel,Spread,Magic,home,-6.0,-110,2025-11-20T15:59:35.370017Z,normal,2025-11-20T17:32:55.100184
Clippers vs Magic,FanDuel,Spread,Magic,home,-6.0,-108,2025-11-20T16:02:35.432524Z,normal,2025-11-20T17:32:55.100189
Clippers vs Magic,FanDuel,Spread,Magic,home,-5.5,-114,2025-11-20T16:05:05.37116Z,normal,2025-11-20T17:32:55.100193
Clippers vs Magic,FanDuel,Moneyline,Magic,home,0.0,-200,2025-11-20T01:15:06.087861Z,normal,2025-11-20T17:32:55.100201
Clippers vs Magic,FanDuel,Moneyline,Magic,home,0.0,-215,2025-11-20T02:01:51.374627Z,normal,2025-11-20T17:32:55.100206
Clippers vs Magic,FanDuel,Moneyline,Magic,home,0.0,-220,2025-11-20T10:00:05.530809Z,normal,2025-11-20T17:32:55.100211
Clippers vs Magic,FanDuel,Moneyline,Magic,home,0.0,-215,2025-11-20T10:40:20.572492Z,normal,2025-11-20T17:32:55.100216
Clippers vs Magic,FanDuel,Moneyline,Magic,home,0.0,-215,2025-11-20T10:45:05.382485Z,normal,2025-11-20T17:32:55.100221
Clippers vs Magic,FanDuel,Moneyline,Magic,home,0.0,-220,2025-11-20T10:47:05.371693Z,normal,2025-11-20T17:32:55.100226
Clippers vs Magic,FanDuel,Moneyline,Magic,home,0.0,-225,2025-11-20T10:50:05.381851Z,normal,2025-11-20T17:32:55.100230
Clippers vs Magic,FanDuel,Moneyline,Magic,home,0.0,-230,2025-11-20T10:58:35.376782Z,normal,2025-11-20T17:32:55.100235
Clippers vs Magic,FanDuel,Moneyline,Magic,home,0.0,-225,2025-11-20T10:59:05.450877Z,normal,2025-11-20T17:32:55.100240
Clippers vs Magic,FanDuel,Moneyline,Magic,home,0.0,-230,2025-11-20T11:01:05.476517Z,normal,2025-11-20T17:32:55.100245
Clippers vs Magic,FanDuel,Moneyline,Magic,home,0.0,-230,2025-11-20T14:05:35.448139Z,normal,2025-11-20T17:32:55.100250
Clippers vs Magic,FanDuel,Moneyline,Magic,home,0.0,-225,2025-11-20T15:23:50.343545Z,normal,2025-11-20T17:32:55.100255
Clippers vs Magic,FanDuel,Moneyline,Magic,home,0.0,-230,2025-11-20T15:35:35.448381Z,normal,2025-11-20T17:32:55.100260
Clippers vs Magic,FanDuel,Moneyline,Magic,home,0.0,-225,2025-11-20T16:05:05.452191Z,normal,2025-11-20T17:32:55.100265
Clippers vs Magic,FanDuel,Moneyline,Clippers,away,0.0,165,2025-11-20T01:15:06.095559Z,normal,2025-11-20T17:32:55.100271
Clippers vs Magic,FanDuel,Moneyline,Clippers,away,0.0,175,2025-11-20T02:01:51.389503Z,normal,2025-11-20T17:32:55.100276
Clippers vs Magic,FanDuel,Moneyline,Clippers,away,0.0,180,2025-11-20T10:00:05.536007Z,normal,2025-11-20T17:32:55.100281
Clippers vs Magic,FanDuel,Moneyline,Clippers,away,0.0,175,2025-11-20T10:40:20.579262Z,normal,2025-11-20T17:32:55.100286
Clippers vs Magic,FanDuel,Moneyline,Clippers,away,0.0,175,2025-11-20T10:45:05.395227Z,normal,2025-11-20T17:32:55.100291
Clippers vs Magic,FanDuel,Moneyline,Clippers,away,0.0,180,2025-11-20T10:47:05.380802Z,normal,2025-11-20T17:32:55.100296
Clippers vs Magic,FanDuel,Moneyline,Clippers,away,0.0,185,2025-11-20T10:50:05.390987Z,normal,2025-11-20T17:32:55.100305
Clippers vs Magic,FanDuel,Moneyline,Clippers,away,0.0,188,2025-11-20T10:58:35.38361Z,normal,2025-11-20T17:32:55.100309
Clippers vs Magic,FanDuel,Moneyline,Clippers,away,0.0,185,2025-11-20T10:59:05.457Z,normal,2025-11-20T17:32:55.100314
Clippers vs Magic,FanDuel,Moneyline,Clippers,away,0.0,190,2025-11-20T11:01:05.486119Z,normal,2025-11-20T17:32:55.100319
Clippers vs Magic,FanDuel,Moneyline,Clippers,away,0.0,190,2025-11-20T14:05:35.453534Z,normal,2025-11-20T17:32:55.100324
Clippers vs Magic,FanDuel,Moneyline,Clippers,away,0.0,185,2025-11-20T15:23:50.349798Z,normal,2025-11-20T17:32:55.100329
Clippers vs Magic,FanDuel,Moneyline,Clippers,away,0.0,190,2025-11-20T15:35:35.45522Z,normal,2025-11-20T17:32:55.100334
Clippers vs Magic,FanDuel,Moneyline,Clippers,away,0.0,185,2025-11-20T16:05:05.465228Z,normal,2025-11-20T17:32:55.100338
Clippers vs Magic,FanDuel,Total,Both,under,219.0,-110,2025-11-20T01:15:06.112582Z,normal,2025-11-20T17:32:55.100345
Clippers vs Magic,FanDuel,Total,Both,under,219.0,-108,2025-11-20T02:01:51.468111Z,normal,2025-11-20T17:32:55.100350
Clippers vs Magic,FanDuel,Total,Both,under,218.5,-110,2025-11-20T10:00:20.43146Z,normal,2025-11-20T17:32:55.100355
Clippers vs Magic,FanDuel,Total,Both,under,218.5,-112,2025-11-20T10:45:05.462528Z,normal,2025-11-20T17:32:55.100360
Clippers vs Magic,FanDuel,Total,Both,under,218.0,-109,2025-11-20T10:48:35.540186Z,normal,2025-11-20T17:32:55.100365
Clippers vs Magic,FanDuel,Total,Both,under,218.0,-108,2025-11-20T10:50:05.467171Z,normal,2025-11-20T17:32:55.100370
Clippers vs Magic,FanDuel,Total,Both,under,218.5,-110,2025-11-20T10:54:20.582739Z,normal,2025-11-20T17:32:55.100375
Clippers vs Magic,FanDuel,Total,Both,under,218.5,-110,2025-11-20T10:58:05.468339Z,normal,2025-11-20T17:32:55.100380
Clippers vs Magic,FanDuel,Total,Both,under,218.0,-108,2025-11-20T10:59:20.435056Z,normal,2025-11-20T17:32:55.100385
Clippers vs Magic,FanDuel,Total,Both,under,218.5,-109,2025-11-20T11:00:50.502019Z,normal,2025-11-20T17:32:55.100390
Clippers vs Magic,FanDuel,Total,Both,under,218.5,-112,2025-11-20T11:01:05.537705Z,normal,2025-11-20T17:32:55.100396
Clippers vs Magic,FanDuel,Total,Both,under,218.5,-110,2025-11-20T14:05:35.536624Z,normal,2025-11-20T17:32:55.100401
Clippers vs Magic,FanDuel,Total,Both,under,218.5,-112,2025-11-20T14:32:05.540334Z,normal,2025-11-20T17:32:55.100405
Clippers vs Magic,FanDuel,Total,Both,under,218.5,-109,2025-11-20T15:02:05.459229Z,normal,2025-11-20T17:32:55.100411
Clippers vs Magic,FanDuel,Total,Both,under,218.5,-109,2025-11-20T15:12:20.55515Z,normal,2025-11-20T17:32:55.100416
Clippers vs Magic,FanDuel,Total,Both,under,218.5,-108,2025-11-20T15:23:50.413111Z,normal,2025-11-20T17:32:55.100421
Clippers vs Magic,FanDuel,Total,Both,under,219.0,-112,2025-11-20T15:59:35.46147Z,normal,2025-11-20T17:32:55.100426
Clippers vs Magic,FanDuel,Total,Both,under,218.0,-108,2025-11-20T16:02:35.620268Z,normal,2025-11-20T17:32:55.100431
Clippers vs Magic,FanDuel,Total,Both,under,218.5,-112,2025-11-20T16:05:05.541382Z,normal,2025-11-20T17:32:55.100436
Clippers vs Magic,FanDuel,Total,Both,over,219.0,-110,2025-11-20T01:15:06.107657Z,normal,2025-11-20T17:32:55.100442
Clippers vs Magic,FanDuel,Total,Both,over,219.0,-113,2025-11-20T02:01:51.453371Z,normal,2025-11-20T17:32:55.100447
Clippers vs Magic,FanDuel,Total,Both,over,218.5,-110,2025-11-20T10:00:20.424324Z,normal,2025-11-20T17:32:55.100452
Clippers vs Magic,FanDuel,Total,Both,over,218.5,-109,2025-11-20T10:45:05.449825Z,normal,2025-11-20T17:32:55.100458
Clippers vs Magic,FanDuel,Total,Both,over,218.0,-112,2025-11-20T10:48:35.529027Z,normal,2025-11-20T17:32:55.100463
Clippers vs Magic,FanDuel,Total,Both,over,218.0,-113,2025-11-20T10:50:05.455748Z,normal,2025-11-20T17:32:55.100468
Clippers vs Magic,FanDuel,Total,Both,over,218.5,-110,2025-11-20T10:54:20.573475Z,normal,2025-11-20T17:32:55.100473
Clippers vs Magic,FanDuel,Total,Both,over,218.5,-110,2025-11-20T10:58:05.457182Z,normal,2025-11-20T17:32:55.100478
Clippers vs Magic,FanDuel,Total,Both,over,218.0,-113,2025-11-20T10:59:20.421497Z,normal,2025-11-20T17:32:55.100482
Clippers vs Magic,FanDuel,Total,Both,over,218.5,-112,2025-11-20T11:00:50.48763Z,normal,2025-11-20T17:32:55.100487
Clippers vs Magic,FanDuel,Total,Both,over,218.5,-109,2025-11-20T11:01:05.529968Z,normal,2025-11-20T17:32:55.100492
Clippers vs Magic,FanDuel,Total,Both,over,218.5,-110,2025-11-20T14:05:35.528125Z,normal,2025-11-20T17:32:55.100497
Clippers vs Magic,FanDuel,Total,Both,over,218.5,-109,2025-11-20T14:32:05.53146Z,normal,2025-11-20T17:32:55.100502
Clippers vs Magic,FanDuel,Total,Both,over,218.5,-112,2025-11-20T15:02:05.448977Z,normal,2025-11-20T17:32:55.100508
Clippers vs Magic,FanDuel,Total,Both,over,218.5,-112,2025-11-20T15:12:20.548341Z,normal,2025-11-20T17:32:55.100513
Clippers vs Magic,FanDuel,Total,Both,over,218.5,-113,2025-11-20T15:23:50.408273Z,normal,2025-11-20T17:32:55.100518
Clippers vs Magic,FanDuel,Total,Both,over,219.0,-109,2025-11-20T15:59:35.449426Z,normal,2025-11-20T17:32:55.100522
Clippers vs Magic,FanDuel,Total,Both,over,218.0,-113,2025-11-20T16:02:35.611424Z,normal,2025-11-20T17:32:55.100533
Clippers vs Magic,FanDuel,Total,Both,over,218.5,-109,2025-11-20T16:05:05.528774Z,normal,2025-11-20T17:32:55.100538
Clippers vs Magic,Book75,Spread,Magic,home,-5.5,-105,2025-11-20T02:28:24.427325Z,normal,2025-11-20T17:32:55.100547
Clippers vs Magic,Book75,Spread,Magic,home,-5.5,-110,2025-11-20T02:53:16.514548Z,normal,2025-11-20T17:32:55.100552
Clippers vs Magic,Book75,Spread,Clippers,away,5.5,-115,2025-11-20T02:28:24.41904Z,normal,2025-11-20T17:32:55.100558
Clippers vs Magic,Book75,Spread,Clippers,away,5.5,-110,2025-11-20T02:53:16.505473Z,normal,2025-11-20T17:32:55.100563
Clippers vs Magic,Book75,Total,Both,over,219.5,-110,2025-11-20T03:16:17.769207Z,normal,2025-11-20T17:32:55.100569
Clippers vs Magic,Book75,Total,Both,over,219.5,-110,2025-11-20T10:13:41.68792Z,normal,2025-11-20T17:32:55.100574
Clippers vs Magic,Book75,Total,Both,over,219.5,-105,2025-11-20T11:22:11.608595Z,normal,2025-11-20T17:32:55.100579
Clippers vs Magic,Book75,Total,Both,over,218.5,-110,2025-11-20T11:41:11.687737Z,normal,2025-11-20T17:32:55.100584
Clippers vs Magic,Book75,Total,Both,over,219.5,-105,2025-11-20T13:24:41.687671Z,normal,2025-11-20T17:32:55.100589
Clippers vs Magic,Book75,Total,Both,over,218.5,-110,2025-11-20T15:56:41.927332Z,normal,2025-11-20T17:32:55.100594
Clippers vs Magic,Book75,Total,Both,under,220.5,-110,2025-11-20T02:22:51.781688Z,normal,2025-11-20T17:32:55.100601
Clippers vs Magic,Book75,Total,Both,under,220.5,-115,2025-11-20T02:54:46.97559Z,normal,2025-11-20T17:32:55.100606
Clippers vs Magic,Book75,Total,Both,under,219.5,-110,2025-11-20T03:16:17.776953Z,normal,2025-11-20T17:32:55.100614
Clippers vs Magic,Book75,Total,Both,under,219.5,-110,2025-11-20T10:13:41.699763Z,normal,2025-11-20T17:32:55.100621
Clippers vs Magic,Book75,Total,Both,under,219.5,-115,2025-11-20T11:22:11.627758Z,normal,2025-11-20T17:32:55.100627
Clippers vs Magic,Book75,Total,Both,under,218.5,-110,2025-11-20T11:41:11.698785Z,normal,2025-11-20T17:32:55.100633
Clippers vs Magic,Book75,Total,Both,under,219.5,-115,2025-11-20T13:24:41.703364Z,normal,2025-11-20T17:32:55.100638
Clippers vs Magic,Book75,Total,Both,under,218.5,-110,2025-11-20T15:56:41.939044Z,normal,2025-11-20T17:32:55.100644
